{
    "title": "Overview",
    "outline": [
        {
            "level": "H2",
            "text": "Revision History",
            "page": 3
        },
        {
            "level": "H2",
            "text": "Table of Contents",
            "page": 4
        },
        {
            "level": "H2",
            "text": "1. Introduction to the Foundation Level Extensions",
            "page": 6
        },
        {
            "level": "H2",
            "text": "2. Introduction to Foundation Level Agile Tester Extension",
            "page": 7
        },
        {
            "level": "H2",
            "text": "3. Overview of the Foundation Level Extension \u2013 Agile Tester",
            "page": 10
        },
        {
            "level": "H2",
            "text": "Syllabus",
            "page": 10
        },
        {
            "level": "H2",
            "text": "4. References",
            "page": 12
        }
    ]
}