{
    "title": "COMPREHENSIVELY-",
    "outline": [
        {
            "level": "H1",
            "text": "BOE-069 UNDERSTANDING THE HUMAN BEING",
            "page": 1
        },
        {
            "level": "H1",
            "text": "UNIT-4",
            "page": 2
        },
        {
            "level": "H2",
            "text": "Inner Evaluation-",
            "page": 2
        },
        {
            "level": "H2",
            "text": "Inner Evaluation refers to the process of self-reflection \u2014",
            "page": 2
        },
        {
            "level": "H2",
            "text": "looking within to understand your thoughts, feelings,",
            "page": 2
        },
        {
            "level": "H2",
            "text": "desires, intentions, and actions. It\u2019s about checking",
            "page": 2
        },
        {
            "level": "H2",
            "text": "yourself, honestly and consciously, to see:",
            "page": 2
        },
        {
            "level": "H1",
            "text": "UNIT-4",
            "page": 3
        },
        {
            "level": "H2",
            "text": "Purpose or need of Inner Evaluation-",
            "page": 3
        },
        {
            "level": "H2",
            "text": "1. To Understand Ourselves Better",
            "page": 3
        },
        {
            "level": "H2",
            "text": "Know our real thoughts, feelings, and motivations",
            "page": 3
        },
        {
            "level": "H2",
            "text": "Understand our strengths, weaknesses, fears, and desires",
            "page": 3
        },
        {
            "level": "H2",
            "text": "Discover what we truly value and believe in",
            "page": 3
        },
        {
            "level": "H2",
            "text": "2. To Align Our Actions with Our Values",
            "page": 3
        },
        {
            "level": "H1",
            "text": "UNIT-4",
            "page": 4
        },
        {
            "level": "H2",
            "text": "Purpose or need of Inner Evaluation-",
            "page": 4
        },
        {
            "level": "H2",
            "text": "3. To Improve Decision-Making",
            "page": 4
        },
        {
            "level": "H2",
            "text": "We become more clear-headed",
            "page": 4
        },
        {
            "level": "H2",
            "text": "We make conscious, thoughtful choices",
            "page": 4
        },
        {
            "level": "H2",
            "text": "4. To Grow Emotionally and Spiritually",
            "page": 4
        },
        {
            "level": "H2",
            "text": "Recognize and let go of anger, ego, jealousy, or fear",
            "page": 4
        },
        {
            "level": "H2",
            "text": "Cultivate love, patience, empathy, and courage",
            "page": 4
        },
        {
            "level": "H2",
            "text": "Move towards inner peace and contentment",
            "page": 4
        },
        {
            "level": "H1",
            "text": "UNIT-4",
            "page": 5
        },
        {
            "level": "H2",
            "text": "Purpose or need of Inner Evaluation-",
            "page": 5
        },
        {
            "level": "H2",
            "text": "5. To Build Healthy Relationships",
            "page": 5
        },
        {
            "level": "H2",
            "text": "We become more understanding, forgiving, and open",
            "page": 5
        },
        {
            "level": "H2",
            "text": "6. To Live with Purpose and Meaning",
            "page": 5
        },
        {
            "level": "H1",
            "text": "UNIT-4",
            "page": 6
        },
        {
            "level": "H2",
            "text": "Self Explorations",
            "page": 6
        },
        {
            "level": "H2",
            "text": "Self-exploration is the conscious effort to understand \u201cWho am I?\u201d, \u201cWhat do",
            "page": 6
        },
        {
            "level": "H2",
            "text": "it\u2019s About Exploring:",
            "page": 6
        },
        {
            "level": "H2",
            "text": "Your desires \u2013 What do I truly seek? Comfort, respect, happiness?",
            "page": 6
        },
        {
            "level": "H2",
            "text": "Your thought patterns \u2013 Why do I react a certain way?",
            "page": 6
        },
        {
            "level": "H2",
            "text": "Your values and beliefs \u2013 Are these really mine, or just copied from others?",
            "page": 6
        },
        {
            "level": "H2",
            "text": "Your goals and direction \u2013 What gives me real meaning or purpose?",
            "page": 6
        },
        {
            "level": "H2",
            "text": "Your relationship with others and the world \u2013 How do I view people, nature,",
            "page": 6
        },
        {
            "level": "H1",
            "text": "UNIT-4",
            "page": 7
        },
        {
            "level": "H2",
            "text": "Self Explorations",
            "page": 7
        },
        {
            "level": "H2",
            "text": "Why Is Self-Exploration Important?",
            "page": 7
        },
        {
            "level": "H2",
            "text": "Self-awareness \u2013 You start to understand your strengths, weaknesses, habits, and",
            "page": 7
        },
        {
            "level": "H2",
            "text": "Clarity in life \u2013 It helps you know what\u2019s important, so you don\u2019t feel lost or confused.",
            "page": 7
        },
        {
            "level": "H2",
            "text": "Better relationships \u2013 When you understand yourself, you relate better with others.",
            "page": 7
        },
        {
            "level": "H2",
            "text": "Authentic living \u2013 You stop pretending or copying others and start living your own truth.",
            "page": 7
        },
        {
            "level": "H2",
            "text": "Peace and fulfillment \u2013 It helps you make choices that align with your deeper self.",
            "page": 7
        },
        {
            "level": "H1",
            "text": "UNIT-4",
            "page": 8
        },
        {
            "level": "H2",
            "text": "Self Explorations",
            "page": 8
        },
        {
            "level": "H2",
            "text": "It\u2019s a Lifelong Process",
            "page": 8
        },
        {
            "level": "H2",
            "text": "Observation",
            "page": 8
        },
        {
            "level": "H2",
            "text": "Questioning",
            "page": 8
        },
        {
            "level": "H2",
            "text": "Reflection",
            "page": 8
        },
        {
            "level": "H2",
            "text": "Awareness",
            "page": 8
        },
        {
            "level": "H2",
            "text": "It leads to inner stability and helps you evolve as a human being.",
            "page": 8
        },
        {
            "level": "H1",
            "text": "UNIT-4",
            "page": 9
        },
        {
            "level": "H2",
            "text": "Self Explorations",
            "page": 9
        },
        {
            "level": "H2",
            "text": "Process of Self-Exploration",
            "page": 9
        },
        {
            "level": "H2",
            "text": "Self-exploration is not about fixing yourself \u2014 it\u2019s about discovering yourself,",
            "page": 9
        },
        {
            "level": "H1",
            "text": "UNIT-4",
            "page": 10
        },
        {
            "level": "H2",
            "text": "What is harmony in nature and why it is so important to attain hormony in",
            "page": 10
        },
        {
            "level": "H2",
            "text": "Nature?",
            "page": 10
        },
        {
            "level": "H2",
            "text": "Harmony in nature refers to the balanced and interdependent relationship",
            "page": 10
        },
        {
            "level": "H2",
            "text": "between all living things and the environment, emphasizing a state of",
            "page": 10
        },
        {
            "level": "H2",
            "text": "co-existence and mutual benefit.",
            "page": 10
        },
        {
            "level": "H2",
            "text": "It's about understanding the interconnectedness of the natural world and",
            "page": 10
        },
        {
            "level": "H2",
            "text": "fostering respect for the environment to promote sustainable coexistence",
            "page": 10
        },
        {
            "level": "H2",
            "text": "and protect ecological integrity.",
            "page": 10
        },
        {
            "level": "H1",
            "text": "UNIT-4",
            "page": 11
        },
        {
            "level": "H2",
            "text": "Natural harmony is necessary for-",
            "page": 11
        },
        {
            "level": "H2",
            "text": "1.To solve the problem of global warming",
            "page": 11
        },
        {
            "level": "H2",
            "text": "2. Natural harmony with tree cure the problems like- wind velocity, Energy",
            "page": 11
        },
        {
            "level": "H2",
            "text": "saving, reduction of heat.",
            "page": 11
        },
        {
            "level": "H2",
            "text": "3. natural harmony is essential for sustaining life on Earth.",
            "page": 11
        },
        {
            "level": "H2",
            "text": "4. It refers to the balanced interdependence between humans, animals,",
            "page": 11
        },
        {
            "level": "H2",
            "text": "5. When ecosystems are in harmony, resources are renewed, biodiversity",
            "page": 11
        },
        {
            "level": "H2",
            "text": "6. Disruptions to this balance \u2014 such as pollution, deforestation, or",
            "page": 11
        }
    ]
}